id,label
330.jpg,engraving
1442.jpg,sculpture
i - 1361.jpeg,sculpture
0009.jpg,engraving
305.jpg,engraving
i - 586.jpeg,sculpture
1472.jpg,sculpture
0623.jpg,sculpture
i - 308.jpeg,engraving
4587_mainfoto_05.jpg,sculpture
198.png,sculpture
i - 6.jpeg,engraving
2030.jpg,sculpture
i - 534 20.26.19.jpeg,engraving
i - 767.jpeg,
i - 553.jpeg,engraving
1129.jpg,painting
i - 454.jpeg,sculpture
i - 1301.jpeg,sculpture
1319.jpg,
1389.jpg,
i - 572.jpeg,drawings
i - 1398.jpeg,painting
0496.jpg,engraving
i - 1004.jpeg,iconography
i - 836.jpeg,sculpture
302.jpg,drawings
i - 1190.jpeg,sculpture
2669_mainfoto_05.jpg,engraving
i - 1302.jpeg,sculpture
i - 89.jpeg,engraving
0789.jpg,
i - 482.jpeg,sculpture
i - 1098.jpeg,sculpture
i - 1448.jpeg,iconography
i - 730.jpeg,
2337.jpg,painting
0940.jpg,painting
327.jpg,
i - 779.jpeg,engraving
203.jpg,drawings
i - 515.jpeg,
2112.jpg,sculpture
i - 1389.jpeg,sculpture
i - 959.jpeg,sculpture
2311.jpg,
i - 626.jpeg,engraving
0749.jpg,painting
146 18.59.20.jpg,
i - 134.jpeg,sculpture
0474.jpg,painting
i - 148.jpeg,engraving
1677.jpg,
1522.jpg,sculpture
i - 259.jpeg,sculpture
1682.jpg,drawings
i - 1353.jpeg,sculpture
0855.jpg,sculpture
i - 321.jpeg,engraving
2264.jpg,
i - 795.jpeg,iconography
i - 746.jpeg,drawings
i - 464.jpeg,drawings
i - 778 20.26.19.jpeg,
i - 1233.jpeg,sculpture
1327.jpg,engraving
652.jpg,sculpture
0547.jpg,sculpture
0006.jpg,engraving
547.jpeg,engraving
i - 545.jpeg,engraving
i - 395.jpeg,engraving
i - 110.jpeg,sculpture
i - 663.jpeg,drawings
1159.jpg,drawings
i - 319.jpeg,engraving
i - 729.jpeg,sculpture
i - 1296.jpeg,painting
236.jpg,sculpture
i - 537.jpeg,painting
350 18.59.20.jpg,sculpture
2352.jpg,
i - 995.jpeg,sculpture
0201.jpg,drawings
i - 669.jpeg,engraving
i - 1115.jpeg,painting
2024.jpg,painting
0612.jpg,sculpture
1662.jpg,
224.png,drawings
i - 432.jpeg,sculpture
i - 445.jpeg,sculpture
i - 421.jpeg,painting
i - 1063.jpeg,sculpture
i - 902.jpeg,engraving
i - 1313.jpeg,sculpture
i - 190.jpeg,drawings
i - 960.jpeg,sculpture
i - 1185 20.25.37.jpeg,painting
i - 762.jpeg,iconography
i - 901.jpeg,sculpture
i - 162.jpeg,engraving
i - 1174.jpeg,sculpture
i - 313.jpeg,sculpture
i - 3.jpeg,
2064.jpg,
82.jpg,sculpture
0445.jpg,painting
717.jpg,iconography
i - 370.jpeg,sculpture
269.jpg,sculpture
0348.jpg,sculpture
0080.jpg,sculpture
1844.jpg,
i - 1415.jpeg,drawings
i - 160.jpeg,sculpture
0451.jpg,painting
i - 563.jpeg,sculpture
i - 1012.jpeg,sculpture
1637.jpg,
329.jpg,sculpture
i - 195.jpeg,sculpture
2261.jpg,sculpture
1836_mainfoto_05.jpg,engraving
i - 41.jpeg,
i - 1129.jpeg,engraving
i - 557.jpeg,engraving
0814.jpg,
1367.jpg,sculpture
i - 1092.jpeg,sculpture
1664.jpg,
i - 1539.jpeg,drawings
i - 886.jpeg,
456.jpg,
i - 401.jpeg,engraving
i - 1446.jpeg,engraving
71.jpg,drawings
i - 891.jpeg,
301.jpg,sculpture
i - 896 20.26.19.jpeg,drawings
i - 679.jpeg,sculpture
1116.jpg,painting
i - 109.jpeg,sculpture
1027.jpg,painting
i - 1083.jpeg,
265.jpg,engraving
i - 348.jpeg,sculpture
2641_mainfoto_05.jpg,engraving
i - 536.jpeg,drawings
i - 645.jpeg,sculpture
1766.jpg,painting
i - 1091.jpeg,engraving
0838.jpg,engraving
0765.jpg,painting
1753.jpg,
i - 1417.jpeg,
1647.jpg,sculpture
i - 349.jpeg,drawings
0977.jpg,painting
i - 426.jpeg,engraving
i - 1282.jpeg,sculpture
1322.jpg,sculpture
i - 286.jpeg,sculpture
5452_mainfoto_05.jpg,sculpture
i - 332.jpeg,sculpture
1155.jpg,
1368.jpg,sculpture
i - 458.jpeg,drawings
0385.jpg,painting
286.jpg,engraving
258.jpg,sculpture
i - 121.jpeg,drawings
i - 1401.jpeg,sculpture
i - 191.jpeg,drawings
0479.jpg,painting
i - 74.jpeg,sculpture
i - 916.jpeg,sculpture
0793.jpg,sculpture
i - 187.jpeg,
i - 122.jpeg,
2001.jpg,sculpture
i - 241.jpeg,sculpture
i - 1287.jpeg,iconography
i - 264.jpeg,sculpture
i - 60.jpeg,engraving
1761.jpg,sculpture
i - 1406.jpeg,
0041.jpg,painting
i - 1208.jpeg,sculpture
i - 945.jpeg,engraving
0845.jpg,painting
i - 456.jpeg,sculpture
images (47).jpeg,sculpture
0380.jpg,drawings
i - 229.jpeg,sculpture
i - 1093.jpeg,sculpture
i - 627.jpeg,
i - 827.jpeg,painting
3460_mainfoto_05.jpg,engraving
i - 608.jpeg,sculpture
i - 462.jpeg,sculpture
i - 503.jpeg,engraving
i - 591.jpeg,sculpture
1886.jpg,drawings
i - 22.jpeg,
i - 1318.jpeg,sculpture
i - 1029.jpeg,sculpture
i - 832.jpeg,sculpture
0968.jpg,sculpture
0372.jpg,sculpture
9.jpg,drawings
i - 228.jpeg,sculpture
i - 676.jpeg,sculpture
1056.jpg,painting
241.jpg,sculpture
i - 1088.jpeg,painting
i - 1555.jpeg,
0124.jpg,painting
111.png,iconography
372.png,sculpture
i - 647.jpeg,sculpture
i - 78.jpeg,painting
i - 845.jpeg,iconography
0738.jpg,engraving
595.jpg,sculpture
i - 1535.jpeg,sculpture
download (30).jpeg,sculpture
0635.jpg,sculpture
i - 204.jpeg,
i - 869.jpeg,engraving
i - 1072.jpeg,sculpture
0123.jpg,sculpture
i - 236.jpeg,sculpture
i - 86.jpeg,drawings
5403_mainfoto_05.jpg,sculpture
i - 481.jpeg,sculpture
i - 326.jpeg,sculpture
i - 998.jpeg,
i - 50.jpeg,engraving
i - 994.jpeg,sculpture
1126.jpg,painting
i - 1045.jpeg,engraving
2157.jpg,sculpture
images (4).jpeg,sculpture
i - 324.jpeg,sculpture
0291.jpg,painting
0332.jpg,painting
294.jpg,sculpture
i - 981.jpeg,engraving
i - 283.jpeg,engraving
0769.jpg,
i - 552.jpeg,sculpture
1016.jpg,painting
i - 46.jpeg,sculpture
i - 1139.jpeg,sculpture
i - 98.jpeg,sculpture
i - 1500.jpeg,sculpture
i - 73.jpeg,
i - 589.jpeg,sculpture
i - 1009.jpeg,sculpture
i - 1385.jpeg,sculpture
1210.jpg,painting
i - 447.jpeg,sculpture
i - 312.jpeg,sculpture
97.jpg,sculpture
i - 178.jpeg,sculpture
i - 206.jpeg,
i - 16.jpeg,drawings
i - 322.jpeg,
i - 1214.jpeg,sculpture
2042.jpg,sculpture
0137.jpg,engraving
i - 1325.jpeg,sculpture
1504.jpg,
i - 1492.jpeg,sculpture
2217.jpg,sculpture
i - 40.jpeg,engraving
1939.jpg,
126.jpeg,iconography
images (38).jpeg,sculpture
2130.jpg,
0279.jpg,painting
images (21).jpeg,sculpture
2331.jpg,sculpture
i - 17.jpeg,iconography
i - 787.jpeg,sculpture
307.jpg,drawings
i - 522.jpeg,sculpture
i - 132.jpeg,drawings
i - 403.jpeg,drawings
i - 1131.jpeg,sculpture
i - 461.jpeg,sculpture
i - 12.jpeg,engraving
2017.jpg,sculpture
i - 358.jpeg,sculpture
0511.jpg,drawings
i - 1037.jpeg,sculpture
i - 653.jpeg,sculpture
210.jpg,
i - 410.jpeg,drawings
3148_mainfoto_05.jpg,drawings
i - 957.jpeg,sculpture
i - 1073.jpeg,drawings
i - 211.jpeg,sculpture
i - 1462.jpeg,sculpture
i - 1444.jpeg,iconography
1879.jpg,engraving
i - 258.jpeg,engraving
i - 415.jpeg,engraving
199.jpg,sculpture
0310.jpg,painting
1993.jpg,sculpture
i - 815.jpeg,
1023.jpg,sculpture
i - 1336.jpeg,sculpture
2203.jpg,drawings
i - 353.jpeg,sculpture
i - 859.jpeg,sculpture
i - 1077.jpeg,painting
i - 618.jpeg,drawings
i - 144.jpeg,drawings
1805.jpg,painting
167.jpg,drawings
i - 159.jpeg,engraving
2128.jpg,sculpture
737.jpg,drawings
312.jpg,engraving
602.jpg,sculpture
i - 558.jpeg,painting
i - 810.jpeg,
i - 819.jpeg,engraving
1456.jpg,sculpture
3399_mainfoto_05.jpg,sculpture
i - 1243.jpeg,
i - 864.jpeg,painting
i - 1234.jpeg,painting
600.jpg,engraving
275.jpg,engraving
1856.jpg,sculpture
629.jpg,iconography
1641.jpg,painting
216.jpg,drawings
i - 1502.jpeg,sculpture
i - 366 20.26.19.jpeg,
335.jpg,sculpture
i - 331.jpeg,
i - 45.jpeg,sculpture
i - 814.jpeg,painting
i - 281.jpeg,sculpture
i - 1015.jpeg,iconography
1448.jpg,sculpture
111.jpg,sculpture
439.jpg,drawings
i - 402.jpeg,sculpture
i - 428.jpeg,sculpture
592.jpg,sculpture
517.png,iconography
i - 276.jpeg,drawings
images (56).jpeg,sculpture
i - 630.jpeg,engraving
i - 429.jpeg,engraving
i - 1279.jpeg,sculpture
i - 450.jpeg,drawings
i - 620.jpeg,sculpture
i - 290.jpeg,painting
0208.jpg,sculpture
i - 953.jpeg,engraving
i - 1154.jpeg,sculpture
i - 496.jpeg,drawings
1292.jpg,sculpture
i - 1480.jpeg,drawings
i - 253.jpeg,sculpture
i - 1263.jpeg,sculpture
i - 141.jpeg,sculpture
i - 772.jpeg,iconography
0240.jpg,painting
2294.jpg,
0782.jpg,sculpture
i - 494.jpeg,
i - 297.jpeg,engraving
1852.jpg,sculpture
1802.jpg,sculpture
i - 781.jpeg,sculpture
images (73).jpeg,
1069.jpg,
0561.jpg,sculpture
2245.jpg,painting
i - 374.jpeg,
i - 773.jpeg,sculpture
4427_mainfoto_05.jpg,sculpture
i - 1250.jpeg,sculpture
i - 1501.jpeg,sculpture
0358.jpg,painting
i - 1159.jpeg,drawings
i - 1371.jpeg,sculpture
i - 574.jpeg,iconography
i - 911.jpeg,engraving
2263.jpg,engraving
i - 471.jpeg,drawings
2306.jpg,sculpture
i - 937.jpeg,sculpture
2328_mainfoto_05.jpg,sculpture
1434.jpg,drawings
1926.jpg,iconography
i - 371.jpeg,sculpture
i - 1317.jpeg,sculpture
171.jpg,engraving
i - 1388.jpeg,sculpture
278.jpg,sculpture
i - 1201.jpeg,drawings
402.jpg,sculpture
i - 900.jpeg,engraving
2070.jpg,painting
images (45).jpeg,sculpture
i - 866.jpeg,engraving
i - 505.jpeg,painting
i - 4.jpeg,engraving
7.jpg,sculpture
i - 912.jpeg,sculpture
i - 385.jpeg,sculpture
i - 484.jpeg,sculpture
2364.jpg,sculpture
1877.jpg,engraving
i - 964.jpeg,sculpture
606.jpg,iconography
i - 909.jpeg,sculpture
i - 562.jpeg,painting
0899.jpg,painting
1656_mainfoto_05.jpg,engraving
272.jpg,sculpture
i - 379.jpeg,painting
i - 355.jpeg,sculpture
1746.jpg,engraving
i - 1200.jpeg,drawings
i - 357.jpeg,drawings
1067.jpg,sculpture
4428_mainfoto_05.jpg,sculpture
375.jpg,sculpture
0017.jpg,sculpture
i - 1258 20.26.47.jpeg,sculpture
i - 1241.jpeg,painting
0088.jpg,engraving
i - 131.jpeg,sculpture
1898.jpg,sculpture
i - 240.jpeg,sculpture
i - 408.jpeg,sculpture
0289.jpg,
i - 564.jpeg,drawings
0712.jpg,
1264.jpg,
337.jpg,iconography
i - 480.jpeg,sculpture
i - 1305.jpeg,sculpture
0454.jpg,iconography
i - 894.jpeg,iconography
i - 846.jpeg,drawings
347.jpg,engraving
349.jpg,sculpture
i - 1499.jpeg,sculpture
i - 1460.jpeg,drawings
1831.jpg,engraving
i - 63.jpeg,engraving
i - 637.jpeg,sculpture
1598.jpg,sculpture
0985.jpg,painting
i - 610.jpeg,sculpture
i - 789.jpeg,drawings
i - 1503.jpeg,iconography
2094.jpg,
i - 512.jpeg,sculpture
i - 1183.jpeg,sculpture
i - 120.jpeg,drawings
i - 1051.jpeg,sculpture
0632.jpg,sculpture
i - 441.jpeg,iconography
2358.jpg,drawings
i - 702.jpeg,sculpture
i - 813.jpeg,drawings
251.jpg,sculpture
1165.jpg,painting
i - 1295.jpeg,engraving
1554.jpg,painting
2202_mainfoto_05.jpg,
1937.jpg,painting
i - 221.jpeg,drawings
2014.jpg,
6917_mainfoto_05.jpg,engraving
i - 44.jpeg,sculpture
i - 835.jpeg,
1607.jpg,painting
0659.jpg,engraving
i - 602.jpeg,engraving
577.jpg,drawings
377.jpg,sculpture
i - 475.jpeg,drawings
i - 316.jpeg,sculpture
i - 621.jpeg,sculpture
2313.jpg,engraving
i - 1289.jpeg,sculpture
i - 446.jpeg,engraving
i - 852.jpeg,sculpture
i - 58.jpeg,painting
66.jpg,sculpture
1055.jpg,painting
0861.jpg,painting
images (48).jpeg,engraving
i - 790.jpeg,sculpture
i - 513.jpeg,
i - 623.jpeg,iconography
i - 369.jpeg,drawings
i - 801.jpeg,
2233.jpg,sculpture
images (9).jpeg,
2222.jpg,sculpture
i - 1360.jpeg,sculpture
i - 943.jpeg,sculpture
0999.jpg,painting
1739.jpg,
2.jpg,sculpture
2265.jpg,painting
249.jpg,sculpture
i - 1001.jpeg,sculpture
i (80).jpeg,sculpture
25.jpg,sculpture
i - 1232.jpeg,sculpture
1351.jpg,painting
143.jpg,iconography
i - 556.jpeg,drawings
10.jpg,engraving
i - 420.jpeg,sculpture
i - 581.jpeg,sculpture
i - 878.jpeg,sculpture
160.jpg,sculpture
0835.jpg,sculpture
1923.jpg,sculpture
i - 186.jpeg,engraving
0352.jpg,painting
0313.jpg,engraving
i - 75.jpeg,engraving
2056.jpg,sculpture
1909.jpg,sculpture
i - 812.jpeg,sculpture
i - 587.jpeg,engraving
1694.jpg,
i - 688.jpeg,sculpture
i - 115.jpeg,painting
i - 755.jpeg,sculpture
1276.jpg,sculpture
1771.jpg,engraving
i - 913.jpeg,sculpture
i - 150.jpeg,engraving
i - 96.jpeg,engraving
1869.jpg,
i - 1078.jpeg,iconography
i - 1014.jpeg,drawings
1223.jpg,sculpture
i - 693.jpeg,sculpture
267.jpg,engraving
i - 26.jpeg,iconography
i - 1176.jpeg,sculpture
i - 692.jpeg,sculpture
i - 1440.jpeg,sculpture
2235.jpg,sculpture
i - 680.jpeg,
images (2).jpeg,sculpture
i - 137.jpeg,sculpture
i - 185.jpeg,drawings
i - 549.jpeg,iconography
0572.jpg,sculpture
0245.jpg,painting
i - 799.jpeg,engraving
i - 920.jpeg,sculpture
0827.jpg,painting
396.jpg,iconography
i - 651.jpeg,sculpture
i - 288.jpeg,drawings
i - 1124.jpeg,sculpture
0811.jpg,sculpture
0307.jpg,painting
i - 325.jpeg,
i - 1434.jpeg,iconography
i - 541.jpeg,sculpture
i - 1100.jpeg,sculpture
1355.jpg,drawings
0870.jpg,painting
1676.jpg,painting
44.jpg,sculpture
i - 268.jpeg,sculpture
i - 893.jpeg,sculpture
i - 830.jpeg,drawings
187.jpg,sculpture
1305.jpg,sculpture
i - 296.jpeg,sculpture
0012.jpg,sculpture
451.jpg,sculpture
197.jpg,sculpture
i - 95.jpeg,sculpture
1735.jpg,sculpture
280.jpg,drawings
1826.jpg,sculpture
351 18.59.45.jpg,sculpture
0422.jpg,sculpture
i - 85.jpeg,painting
744.jpg,
699.jpg,sculpture
1236.jpg,painting
i - 1022.jpeg,engraving
1714.jpg,
i - 975.jpeg,sculpture
i - 603.jpeg,sculpture
0842.jpg,sculpture
0732.jpg,sculpture
i - 1242.jpeg,sculpture
367.jpg,engraving
2276.jpg,sculpture
i - 983.jpeg,
0453.jpg,sculpture
i - 128.jpeg,
i - 1272.jpeg,sculpture
i - 1053.jpeg,sculpture
i - 1478.jpeg,sculpture
i - 551.jpeg,sculpture
2072.jpg,sculpture
1478.jpg,sculpture
i - 434.jpeg,engraving
i - 143.jpeg,engraving
i - 802.jpeg,iconography
i - 807.jpeg,
i - 383.jpeg,engraving
0136.jpg,painting
2087.jpg,sculpture
132.jpg,iconography
27.jpg,sculpture
1620.jpg,painting
155.jpg,sculpture
0280.jpg,drawings
i - 262.jpeg,drawings
i - 1087.jpeg,painting
1117.jpg,sculpture
30.jpg,engraving
2683_mainfoto_05.jpg,
288.jpeg,sculpture
0113.jpg,engraving
1859.jpg,painting
i - 1155.jpeg,engraving
1009.jpg,painting
1335.jpg,sculpture
i - 194.jpeg,sculpture
i - 1059.jpeg,sculpture
101.jpg,sculpture
0897.jpg,sculpture
i - 1285.jpeg,sculpture
503.jpg,painting
0284.jpg,sculpture
1037.jpg,painting
i - 1326.jpeg,sculpture
0367.jpg,sculpture
292.jpg,sculpture
290.jpg,sculpture
i - 884.jpeg,sculpture
0177.jpg,painting
i - 699.jpeg,engraving
i - 560.jpeg,iconography
i - 1134.jpeg,sculpture
i - 69.jpeg,engraving
i - 226.jpeg,drawings
0340.jpg,painting
1154.jpg,painting
i - 1259.jpeg,sculpture
i - 751.jpeg,drawings
i - 518.jpeg,drawings
0283.jpg,painting
198.jpg,drawings
491.jpg,sculpture
i - 1157.jpeg,iconography
i - 1387.jpeg,sculpture
1215.jpg,painting
images (40).jpeg,drawings
5791_mainfoto_05.jpg,sculpture
i - 79.jpeg,engraving
i - 61.jpeg,engraving
1684_mainfoto_05.jpg,iconography
0577.jpg,sculpture
0565.jpg,painting
0813.jpg,engraving
1103.jpg,sculpture
i - 1058.jpeg,
i - 670.jpeg,iconography
1369.jpg,
1711.jpg,drawings
1821.jpg,engraving
i - 157.jpeg,drawings
1804.jpg,
i - 163.jpeg,drawings
i - 114.jpeg,engraving
366.jpg,engraving
i - 905.jpeg,iconography
233.jpg,
i - 1362.jpeg,sculpture
107.jpg,drawings
i - 660.jpeg,engraving
i - 272.jpeg,sculpture
1222.jpg,sculpture
719.jpg,drawings
i - 1005.jpeg,sculpture
i - 1060.jpeg,sculpture
i - 969.jpeg,painting
2351.jpg,engraving
i - 465.jpeg,painting
136.jpg,drawings
356.jpg,drawings
i - 29.jpeg,engraving
i - 1475.jpeg,sculpture
i - 1135 20.26.47.jpeg,sculpture
i - 427.jpeg,drawings
18.jpg,sculpture
215.jpg,sculpture
images (64).jpeg,sculpture
i - 782.jpeg,sculpture
0783.jpg,sculpture
i - 314.jpeg,engraving
1064.jpg,
i - 768.jpeg,engraving
i - 578.jpeg,sculpture
i - 2.jpeg,engraving
i - 1128.jpeg,sculpture
i - 742.jpeg,iconography
2356.jpg,drawings
i - 1343.jpeg,sculpture
4589_mainfoto_05.jpg,sculpture
i - 757.jpeg,sculpture
i - 1034.jpeg,drawings
1213.jpg,engraving
i - 719.jpeg,drawings
i - 1192.jpeg,iconography
i - 1402.jpeg,sculpture
146 18.59.45.jpg,sculpture
i - 1230.jpeg,engraving
i - 189.jpeg,
i - 476.jpeg,drawings
i - 1220.jpeg,iconography
i - 1163.jpeg,engraving
i - 1481.jpeg,sculpture
4429_mainfoto_05.jpg,sculpture
i - 400.jpeg,engraving
521.jpg,sculpture
i - 1469.jpeg,iconography
i - 1065.jpeg,sculpture
i - 477.jpeg,engraving
0373.jpg,sculpture
i - 1086.jpeg,drawings
113.jpg,sculpture
1560.jpg,drawings
i - 416.jpeg,engraving
0602.jpg,drawings
i - 776.jpeg,iconography
i - 27.jpeg,engraving
i - 452.jpeg,engraving
1182.jpg,drawings
i - 443.jpeg,sculpture
i - 442.jpeg,sculpture
98.jpg,engraving
139.jpg,engraving
0145.jpg,painting
0221.jpg,engraving
i - 158.jpeg,sculpture
i - 435.jpeg,sculpture
1282.jpg,sculpture
0480.jpg,painting
0435.jpg,
i - 650.jpeg,sculpture
i - 179.jpeg,sculpture
0564.jpg,
0039.jpg,
i - 1170.jpeg,sculpture
1394.jpg,
56.png,sculpture
i - 392.jpeg,iconography
1260.jpg,sculpture
i - 1073 20.26.19.jpeg,engraving
616.jpg,engraving
0944.jpg,
i - 1168.jpeg,engraving
download (22).jpeg,sculpture
0098.jpg,sculpture
1510.jpg,sculpture
i - 811.jpeg,iconography
26.jpg,sculpture
i - 396.jpeg,sculpture
2095.jpg,painting
i - 305.jpeg,sculpture
0808.jpg,painting
i - 1143.jpeg,sculpture
379.jpg,sculpture
i - 639.jpeg,drawings
i - 1123.jpeg,iconography
3429_mainfoto_05.jpg,sculpture
i - 1204.jpeg,engraving
